<?xml version="1.0" encoding="UTF-8"?>
<project-private xmlns="http://www.netbeans.org/ns/project-private/1">
    <editor-bookmarks xmlns="http://www.netbeans.org/ns/editor-bookmarks/2" lastBookmarkId="0"/>
    <open-files xmlns="http://www.netbeans.org/ns/projectui-open-files/2">
        <group>
            <file>file:/C:/Users/User/Documents/Semestre%202020B/Programación%20Orientada%20a%20Objetos/Códigos/Deber2/src/poo/cap1/deb2/TestTriangulo.java</file>
            <file>file:/C:/Users/User/Documents/Semestre%202020B/Programación%20Orientada%20a%20Objetos/Códigos/Deber2/src/poo/cap1/deb2/TrianguloRectangulo.java</file>
        </group>
    </open-files>
</project-private>
